conversation_id,customer_tweet_id,customer_text,brand_text,intent
1116133,1116132,@AmazonHelp No I placed it yesterday for evening delivery.,@281304 What does the latest tracking advise Joanna - https://t.co/Jr1kcqQUJY ? ^TP,delivery_issue
2894670,2894670,"@115830 attempted delivery 😡 we are in a brightly lit office, still blatantly open and no attempt has been made to deliver, no phone call, nothing. We constantly get amazon deliveries. So annoyed it did not come today when I am still here waiting for it!!!!","@792629 I am sorry to hear this, Liss. Was there a reason given for the missed delivery?What is the current status on the tracking?^SM",delivery_issue
830140,830141,@115821 @115823 @36561 Friend don't use amazon pay it's not responsible payment option,@317671 I'm sorry to hear that you're upset due to an issue with pay balance. Could you let us know if 1/2^AP,payment_issue
2477419,2477419,"@AmazonHelp if I set up a wedding wish list, do people see my delivery address? As in if friends of friends were that way inclined could they click through to see where to rob the wedding gifts if i put the link on Facebook!?",@316750 People whom you share any wish list cannot see your personal address. ^BD,account_issue
183364,183364,"@115850 

Do amazon india has any control on furniture installation ??",@159119 We'd like to help you in getting your issue resolved. Please contact us here: https://t.co/9mwpIdOzZn. ^ZH,customer_service_issue
2618104,2618104,"My Order was canceled 4 unacceptable reason. D receipt was provided and I was told I could not be attended to cos of my accent.
@AmazonHelp https://t.co/thJQyD47fY",@739893 We advise customers to avoid posting personal information via a public forum. Get in touch via https://t.co/hApLpMlfHN. ^BM,order_issue
1725355,1725352,@AmazonHelp I was treated badly by cst advisor .my number was blocked when i wanted to speak to manager,@521829 here: https://t.co/beaaDm0muc we'll reach out to you soon. 2/2 ^AP,customer_service_issue
2061574,2061573,"@AmazonHelp Instead of cancelling my orders and locking my account, how about picking up a phone and calling me. Simple yet effective. I shouldn't have to tell you this",@609702 I'm sorry about this situation. We take your account security very seriously. Has an account specialist been in contact with you via email yet? You may need to check your Spam / Junk folder. ^MI,order_issue
2355192,2355192,@AmazonHelp Hi - I've received a mail from e mail address - __email__ offering me promotional code for £5.00 is this real?,"@680429 Thanks for contacting us today, Stevie! If you receive a suspicious (sometimes called phishing) e-mail, here are some tips to determine if it's an e-mail from Amazon: https://t.co/VZmQ6S3ka7. Let us know if you have further quesitons or concerns! ^TG",account_issue
287909,287880,@AmazonHelp @115850 this is what I have to do get my order. #KaroMilkeTayyari to face the music. https://t.co/8KP316KcfN @118702 @4030 copy that https://t.co/aoKeYfGONf,"@183542 I'm sorry for the trouble you've faced with this order. I'd like to assist you with this, kindly drop in your details 1/2^EM",order_issue
280159,280159,"@115850 I ordered return of order-id:171-3922605-5090734 on 22nd Sept'2017, but the return hasn't happened yet.
SHAME ON YOU, Full of SHIT",@182728 We would like to help . Please share your details with us here: https://t.co/GIJyeYqKE0. We'll get in touch shortly.(1/2) ^CB,return_issue
1559865,1559867,@AmazonHelp I am not talking anything special. I was only ordering monthly refills from Amazon Pantry.,"@318102 I get that, however as mentioned earlier, we'll forward your feedback internally for our team to review. ^MS",order_issue
136222,136226,@AmazonHelp And now its replacement has got lost at the courier and will cost me £23 to replace and I'm only being offered £15 refund! Might as well deal with ebay with this level of service!,"@146697 We'd like to help, Simon! Please reach out to us here: https://t.co/JzP7hlA23B so we may further assist. ^RO",refund_issue
133890,133891,@115821 Amazon is the best shipping site in world,@279596 Thank you for your very kind and positive words! :-),other
454589,454589,"@AmazonHelp my app has been giving me some troubles! I've done everything I need to in order to be alerted to the giveaways and receive the $5, but it's only giving me credit for 2? I've done this twice now in 3 days. Signed out and back in. Help please 🙁",@222879 I'm sorry for the frustration! Can you confirm which app and device you're using? ^LR,account_issue
73502,73502,"@115830 I ordered from the UK site, now see it is in transit from the States! I purposely ordered from the UK to not get customs charges/additional VAT. What to do when I get charged?","@132435 Hi, was your order fulfilled by us or a seller?^ES",payment_issue
983323,983323,@115850 @115821 guys don't go for Amazon sale ... I purchased I phone SE. Ear phone not working one side. Given to iStore for replacement,@353122 All warranty related services are offered by the manufacturer. Do keep us posted for additional support. ^CB,product_issue
490534,490534,Ordered plant food on @115821 for my office plant- #LifeOfARockstar,"@231854 Rock on Ryan, rock on! ^BD",order_issue
389622,389622,"@AmazonHelp 2nd experience of not getting pdt and getting msg that the pdt is delivered ""directly to customer"". Really annoying service.",@208230 Have you reported it to the support team here: https://t.co/TxK11znixD (2/2)^HR,delivery_issue
1398361,1398361,@AmazonHelp Are you having trouble in UK? @57880 https://t.co/DJO6MB1wWH,"@445184 After you enter the characters shown, are you still not able to access the site? Are you getting another error message? ^FJ",other
1526901,1526900,@AmazonHelp It said it was being delivered today; 3/11/18 - Tracking still says today but it's 10:30pm so doubt it.,"@474145 Oh no! When you have a moment, let's take a closer look into this via phone or chat here: https://t.co/JzP7hlA23B ^ML",delivery_issue
2372318,2374529,@AmazonHelp Yes,"@684446 Once you submit your details to us, we'll investigate and be in touch as soon as possible! Thank you for your patience. ^KN",other
913340,913338,@AmazonHelp So both books got delivered today @115850 although amount was refunded. What to do next? https://t.co/pDw9jGZvZk,@336906 You can return 1 unit of this book for a refund. You'd be able to initiate a return request here:https://t.co/dgreAZQ5qf ^EM,refund_issue
665155,665147,@AmazonHelp I can't log in without my password.,@278528 Try this link that doesn't require logging in to contact us.  https://t.co/zYVX1Qi29G ^EM,account_issue
665680,665677,@AmazonHelp U should know its not an order id. Its a sellers shipment id for amazon warehouse appointment. Such a shame @115851,@278569 We wouldn't be able to access your order details on Twitter. Kindly drop in your details through the secure link above. ^NS,order_issue
2532501,2532503,@AmazonHelp grazie,@452581 Figurati! 😉 ^GA,other
2280451,2280450,@AmazonHelp What link?,@662925 Apologies! That's embarrassing! You can reach out to us via phone here: https://t.co/JzP7hlA23B and we can help with your Prime charge. ^TK,other
2726343,2726334,@AmazonHelp I haven't heard anything since Sat evening when I was told the driver would go back and deliver it. Still haven't been given the reason it wasn't delivered in the first place,"@220243 I'm sorry for the trouble, Helen! When you have a moment, please reach out to us by phone or chat in the link that ^JY previously provided so we can investigate this together. ^TG",delivery_issue
80682,80684,@AmazonHelp Who is the customer here?? You people should keep me posted not the other way around! #frustrating #badexperience,"@133897 Out for delivery orders are delivered by 8 pm but may run late at times due to unforeseeable reasons. Please reach us, here: https://t.co/vlvfJr4nN9 and we'll check this for you. ^YP",customer_service_issue
2322191,2322191,"@115821 @AmazonHelp @115830 @19531
Dear team 
My order 5 October . order no 404-0920726-5391523
And cancel order 9th October 
But refund payment 28 0ct 
Why can u explen https://t.co/Flttj75J4C","@286853 If a package is dispatched and cancellation request is raised, the refund will be automatically triggered once it reaches back to its origin. Please don't provide your order details, we consider it personal information. Our Twitter page is visible to public. ^AS",refund_issue
2983715,2983715,Does @115850 pass mobile numbers of customers to sellers ? Hate getting multiple calls from a seller called nimble house under guise of welcome call !,@822780 Apologies for the trouble. Could you please confirm if you've reported this to our support team yet? Please go ahead and report it right away and we'll take care of it. ^AR,account_issue
286338,286338,Hi @AmazonHelp I have tried to troubleshoot with @184215 who said I should speak with you. What's the best way to get in touch? Thanks.,"@184214 No problem, Jade! We'd love to help! Can you give us some details on the problem you were troubleshooting? ^AJ",customer_service_issue
2317931,2317933,@AmazonHelp Yup,@164791 It can take 5-7 business days depending on your banks processing time. ^MC,other
2597108,2597108,@115850 @AmazonHelp #akhilsaxena 6 days of delay in return pickup. 710405168655 Not expected.,"@735324 I'm sorry to keep you waiting. Please reach out to our support team here: https://t.co/vlvfJr4nN9 we'll get the pick up arranged.
Please don't provide your order details, we consider it to be personal information. Our page is visible to the public.^AR",return_issue
2675977,2675975,@AmazonHelp a whole process of refund...and then reordering it like i havent been refunded yet so can it just get reshipped to me i wanted it today,@753204 We'd be happy to review your options with you here: https://t.co/dNXwBZPiM6 ^AF,refund_issue
1131318,1131308,"@AmazonHelp Mr./Ms. ^NK, what happened to your 12hrs commitment.I said yday itself that u r joking.i know your efficiency &amp; Customer consciousness. puke",@322303 Please write back to the email you received from social media team. We'll check the details and get back to you. ^SQ,customer_service_issue
1015620,1015617,@AmazonHelp I am replying to every mail or link you send @115821 @115830 @AmazonHelp . But you are not doing anything else to solve my issue,"@232612 That's quite a remark. Apologies! Once we receive your revert, we'll check your details and assist you. ^SV",customer_service_issue
2238595,2238594,@AmazonHelp Still no action ??,@652739 You must've received a correspondence from us on this. Please find it here: https://t.co/NTkrxpsbHJ. ^YP,customer_service_issue
735640,735640,@115850 didn't know next day delivery can stretch beyond a month - 404-5289632-4633162. Is this customer service?,@295980 Sorry for the delay in delivery of your order. Kindly fill in your details (1/2)^SQ,customer_service_issue
330169,330173,@AmazonHelp Sorry dont understand?  link FR? Verify my address?  It has been the same for years..,@187112 Sorry about that; we'd like to confirm the shipping address with you via our support team here: https://t.co/JzP7hlA23B ^WM,account_issue
1311345,1311345,@115850 I want to buy Kindle Paperwhite at discount. Currently there is no discount.When is your next sale?,@426426 Thanks for your interest. We do not have any official announcement regarding the next sale yet. Please keep (1/2) ^MO,other
962109,962104,"@AmazonHelp @116618 wrong movie, Halloween 2 Rob Zombie film",@348293 Sorry about that. Is the movie being shown as available with your subscription ? ^CR,prime_issue
503424,503424,"Hey, @116090 - so Prime is effectively useless now with Intelcom? Also…how does 2 day shipping from Friday fall on a Thursday? https://t.co/FkbKeTpvM0","@235307 I understand your concern. Two-Day Shipping refers to the item's transit time, in business days, once shipped. Some items can take longer to process. I'm sorry for any inconvenience this may cause. ^AL",prime_issue
2617304,2617308,@AmazonHelp No indication and no definite date. All were prime eligible.,"@739725 I can understand your disappointment and frustration. When you have a moment, check your Message Center to confirm what the e-mail with the delay confirmation states as the reason, and let us know: https://t.co/wiaquWkRhj ^NN",prime_issue
1483567,1483560,@AmazonHelp team sent the details through DM,"@464514 We've responded to your query via DM, request you to check the same. ^SH",customer_service_issue
608044,608044,@AmazonHelp I'm having nothing but problems with deliveries from UPS.  Great Service from Dean with DPD.  Waiting for order placed 11 Nov!  tracking info says package 'in transit'.,"@264521 Hi there!  I'm sorry that your package has not arrived yet. We'd love to help you!  Just to clarify, what was the original delivery date given in the order confirmation email?  ^SP",delivery_issue
803022,803022,"@115821 isn't exactly sure what happened to the book I ordered about feeling left out. While I'm upset, there is a certain poetry about it.","@311351 Jena, we'd never intentionally leave you out! 😊 Do you mind telling us what's going on? No account sensitive info please  ^MW",order_issue
2363246,2363246,I chose 2 day shipping on friday and its monday my shit still isn't shipped yet. Thanks alot @115821,"@682330 We aim to meet the delivery date provided in your order confirmation e-mail. If we've missed this date, please let us know! ^AB",delivery_issue
347795,384786,@207100 @115850 i am unable to reach to a person..turns out that if you are past the return period they dont pick up calls.,@198823 May I know if you have mentioned the details in the link sent earlier? ^PR,customer_service_issue
1349206,1349206,@115821 this is unacceptable. Why do I even pay for prime? https://t.co/sMhqIS7TlN,"@434627 I'm sorry for the disappointment, Jennifer! Were you sent an e-mail with a reason for the delays? ^BL",prime_issue
873734,873732,@AmazonHelp You people paly with the emotion of your customers. It was a gift for 3 years old child. How can you cancel without info,@327440 I'm sorry for this experience. We will consider this instance as feedback and ensure to pass it on internally. ^RW,order_issue
528222,528214,"@AmazonHelp @242290 I am not buy to canceled , is that clear !!!!!!","@242309 I can certainly understand any frustration. We're unable to access accounts here on Twitter. If your order is still active, we'll to be sure to update the delivery date as soon as we have any more details: https://t.co/aaDyEz1VgE ^LI",order_issue
169536,169531,"@AmazonHelp Par Amazon, c'est des coffrets bluray.","@155481 N'ayant pas accès à votre compte sur Twitter, je vous invite à contacter notre SAV via le lien suivant : https://t.co/qzuu0dgDXz
^MD",product_issue
2725063,2725063,@AmazonHelp @115821 your fulfillment center inspected I️t and sold I️t. The customer damaged I️t. They get their money back and I️ got my money taken. How is that fair? this requires reimbursement.,@318696 I'm sorry for the frustration! Are you a seller for this product? If so have you contacted seller support? ^DJ,refund_issue
419402,419402,An @119625 member finally!!,@215019 Yay! Welcome to the family. Get ready to #BingeWatch 📺 😎 movies and series. What's top in your list? ^HR,other
1077766,1077765,"@AmazonHelp That’s the one yes, same. Requested redelivery for yesterday and UPS shows it as “in transit” with scheduled delivery today",@229607 So sorry for the delay! Have you had a chance to reach out to us via phone and chat? If not we would like to review your options with you! Please contact us here: https://t.co/hApLpMlfHN ^LS,delivery_issue
2596377,2596376,@AmazonHelp Thanku so much this unhelpful behaviour was expected from amazon thanku so much for making me feel that I am shopping at the world's most useless site.. thanku so much I have decided to Quit Amazon,@120538 Could you confirm if we've missed the estimated date of delivery? ^GK,customer_service_issue
341437,341424,@AmazonHelp Do I need to call u guys everyday for just getting my material delivery?? Check my records howmany calls I have made in last 15 days..,@197574 I'm sorry for the delay in resolving the issue but please be assured that we'll write to you soon with an update on this. ^PJ,delivery_issue
2346227,2346227,@AmazonHelp - Is there a way to choose carriers? I would rather have UPS or USPS over AMZL. I consistently have issues with AMZL.,"@500725 Hi Eric! I am so sorry for the troubles you are experiencing with this carrier! This is not the level of excellence that we expect for our customers!  I would like a team member to look into this for you, please add information here: https://t.co/0ZnngvAEhR ^FR",delivery_issue
1710632,1710631,@AmazonHelp Okay thanks for your swift response. Ill be patient  🙈,@135100 You're welcome! Let us know if everything works out. 🙊,other
2568105,2568105,"@AmazonHelp @115850 
Didnt get product as per given date by Amazon
After wasting 2 hours by 5-6 call on customer service didn't get reply.",@728447 We responded to you via DM. ^HN,delivery_issue
2682490,2682488,"@AmazonHelp Did that! You need to replace the fake product with the original one. I don't think that's gonna happen considering that the refund has been initiated. I don't want a refund. I want original product, not a fake one.","@754593 Apologies for the inconvenience. However, once the refund is initiated, we wouldn't be able to send out a new product. Kindly place a new order for the same. Appreciate your understanding. ^BV",product_issue
797450,797450,"Yet again, @AmazonHelp have lost 2 of my packages! 10th time now! Can I have a customer service number please?","@310133 I'm so sorry, Aleisha! We can be reached here: https://t.co/JzP7hlA23B or at '0800 279 7234' to report the parcels. ^LB",delivery_issue
1072659,1072658,@AmazonHelp No refund option on website. Amazon India says you can’t get a refund. What if a customer doesn’t like the product? No benefit from Amazon??,"@373110 Apologies for this ordeal, Pragnesh. Please report this to our support team here: https://t.co/TdDksLo6Mf. ^HD",refund_issue
1502906,1502901,@AmazonHelp It was .com. They said they'll attempt delivery the next business day though I hope that means tomorrow. I've updated instructions for entry,"@468823 Hey, thanks for the quick response! Who's the carrier on your order: https://t.co/Y5jpI9gRhE? ^PF",delivery_issue
1310963,1310964,@115850 Thank you 😊,"@426340 You're welcome, Abhijit. Do let us know if you need any further assistance. ^SY",other
554589,554587,@AmazonHelp Thank you! A cranky toddler is...well it’s easy to imagine. https://t.co/neFim1vJtq,"@249432 You're very welcome, thank you for your patience! ^JR",other
281959,281959,@AmazonHelp could you help me with this problem https://t.co/cTMUf4N0Pf,@183170 Hello- Have you checked your email for the instructions on how to reopen the account? ^NV,customer_service_issue
1655073,1655068,"@AmazonHelp Noonly my email address, they wanted all my card details but said I didn’t feel comfortable doing it,i can send you screenshots if you want?",@505114 The handle is actually enough! Thank you so much for reporting! Let us know if there is anything else we can help with! 😊 ^SA,payment_issue
2390398,2390398,"@115850 order no 408-5653703-6268348, 1 pc was defective, got replacement n have confident that it will work so i didn't check also i was travelling. Today i check the pc and didn't working also my retrun date was lapsed (13th nov), CC team put me on hold for 30 min n solu help",@688594 I'm sorry to hear about the experience you've had with the delivery of the recent order. Let me work on this right away. Kindly fill in your details here https://t.co/ZSCESkOOUe and we'll reach out to you for assistance. (1/2) ^VM,product_issue
2725056,2725056,"@AmazonHelp Hi, I have a question about my prime membership and cancellation. Could you please assist. Liam","@764270 Hi, of course we'd be happy to help. Without divulging any personal details, can you give us some more information to help with your query? ^KI",prime_issue
130255,130255,@115850 Can you please help- a gift I'd sent out is suddenly 'undeliverable' with no explanation why...Can someone please explain?,"@145378 I understand the importance of the order as it is a gift and your concern about its delivery. However, once the order is returned we cannot reinstate it. (1/2)^SF",delivery_issue
280343,280343,@115850 im a retailer on amazon and my entire inventory that i recalled is missing. No proper follow-up. Higher authority i could contact?,"@182810 Hey, apologies for the trouble you've been through. I'd like to check this for you. Request you to fill in (1/2) ^GK",customer_service_issue
21941,21927,@AmazonHelp U need to ur mails first.. Are they of any use???,@120777 our team and we'll get back. (2/2) ^KA,customer_service_issue
432965,432965,".@115830 Clear instructions to leave items with concierge but “you were out” email. Been home all day, no call on entry system.","@217977 Terribly sorry for your recent delivery experience w/ us, Crispin! Let's take a closer look w/ you here: https://t.co/JzP7hlA23B ^JZ",delivery_issue
1342523,1342522,@AmazonHelp This is today's status. Is your courier boy still out for delivery since yesterday??? Please stop joking &amp; faking. https://t.co/wondt0hiJV,"@160303 Please don't provide your order details, we consider it personal information. Our Twitter page is visible to public. (2/2) ^SV",delivery_issue
2849958,2849958,"Still hate that @115821 uses @118706 for deliveries. Once again my mail is here, but my package isn't.",@792481 I'm sorry for the wait. What does the tracking information on the order indicate? You can view this information here: https://t.co/q4LAMZ3tbE ^GR,delivery_issue
2208185,2208185,I swear. I've never had this much trouble building a cosplay. NOW someone stole my brand new Rey boots from @115821 near my mailbox. I swear this is the worst.,@496885 I'm sorry for the inconvenience! We'd like to go over available options with you. Please reach out to us at your earliest convenience here: https://t.co/hApLpMlfHN ^LJ,delivery_issue
900974,900974,"@115851 @115850 @115821 ..Past 3 order not dlvrd # 406-3514249-9912306/ 954/ 906 &amp; get cncld,amazon transport is worst ever i saw",@318521 your details here: https://t.co/beaaDm0muc and we'll assist you right away.  Please don't provide (2/3)^SF,delivery_issue
473159,473160,"@115830 You’re missing the point, i ordered this yesterday morning at 9am and payed for it to be here today as it stated “One Day Delivery”. If it does not turn up today i want a refund on the delivery",@227289 If it hasn't arrived by the end of today then you are more than welcome to reach out to us and we can look into it for you. ^KI,delivery_issue
386872,386872,"@115850 Got a message ""Your  package was refused"" when infact no attempt was made two deliver the parcel. Was supposed to receive today!","@207580 Sorry about the delay. Please drop your details here: https://t.co/GIJyeYqKE0, we will sort this for you. ^SB",delivery_issue
1452403,1452403,What’s your customer care number @115850,"@457064 Hi, pratim. You may reach our support team from here: https://t.co/rS49hgaADF via chat, phone or email. We'll help you. ^SV",customer_service_issue
372192,372192,@117634 My Grandma’s bookstore app screen on her Kindle is having this issue. We can’t figure it out! https://t.co/5g0D1AOz8x,"@204177 I'm so sorry to hear about this, Katie! We'd like to help. Do you care to tell us more about what's going on? ^HC",product_issue
1172187,1172187,"@116316 I cannot tell you how much I hate the new Kindle app (for Android in my case).  What a terrible, TERRIBLE update!!!",@370991 You can contact our Kindle support for help or feedback via this link https://t.co/wWn0qMjGMq Best regards ^MH,product_issue
395967,395967,Book from @115830 for my son's friend who's birthday is today. Very embarrassed as the driver bent it and shoved it through our letterbox! https://t.co/nLAco0c8MF,"@209749 Sorry about your birthday gift, Paul! Let's see what options we have to get this sorted: https://t.co/JUtzolD1gP ^JZ",product_issue
2283697,2283692,"@AmazonHelp Dear team, issue s not solved. Didn't get any call from Amazon. Ithu than unga tuk huh 🤔",@663669 I'm sorry about the delay in resolving your issue. We have sent you a correspondence to your registered email ID. You can check it from here: https://t.co/8DAc10S7ww. Kindly respond to the email from our team for further assistance. ^GD,customer_service_issue
2490697,2490697,@115850 make me understand this calculation...14999 save 4776 price 14528? https://t.co/BpIjEcAxks,"@711154 Thank you for flagging this, please help us with the product link so that we can review it from our end. ^SU",payment_issue
2740643,2740642,@AmazonHelp Amazon Logistics,"@767780 Afin d'effectuer une réclamation à ce sujet, merci de nous communiquer le numéro de suivi du colis ^KD",other
2936678,2936678,@115830 causing me serious frustration right now. Preordered an item and still no word on when it'll be shipped - and according to friends it's totally sold out.,@811834 Hi. I'm sorry to hear that. What was the expected delivery date provided for the order? ^DC,delivery_issue
2784496,2784496,Hi there @115830 - trying to buy my sister a birthday present and you are asking me to confirm my identity with a verification code that you have not sent me... I'm waiting (35 minutes now)! Oh and I've clicked re-send 5 times... You're about to lose me as a customer...,"@777478 I'm sorry for the trouble you've been having, James; we'd like to help you out! Please use the following link so we can get in touch and lend you a hand with verifying your account: https://t.co/zYVX1Qi29G ^WM",account_issue
2562026,2562026,"@115821 You guys are killin it. Sick day so I watched someone drop off my package, at same time I get the notification that is has arrived. AWESOME service and tech.","@727104 Sorry to hear you are unwell, Ashley, but glad we could bring the smiles on a sick day! Get better soon! 😍 ^JD",other
1237611,1300662,"@AmazonHelp @115851 I won't be able to waste anymore for your pick up and all.  Will you guys pay for the time I wasted.  If yes,  then I can think of it. https://t.co/QLrK8T2J80","@409804 Please don't provide your order details, we consider it to be personal information. Our page is visible to the public. 2/2^SC",return_issue
885507,885505,"@115850 @115850, I thought someone wud see this and get in touch with me :-( Shud I look at other options 2 buy LED monitors?",@330264 here: https://t.co/TdDksLo6Mf and we'll look into this. 2/2 ^MK,customer_service_issue
2383174,2383174,"Dear @115850  , U r working hard to deliver products in time but was surprised to get a product delivery update even without receiving .",@686999 That's unusual! Have you reported this to our support team here: https://t.co/2kHjkbjHcL ^SF,delivery_issue
2877688,2877688,@115850 where is the result of #RedTapeAppQuiz ?,@798769 The result for the Redtape Quiz has been announced. You can view the list of winners here:https://t.co/8GAsdX7qUX ^EM,other
2431192,2431191,@AmazonHelp It is the Amazon Platinum rewards Mastercard (in the UK).,"@697873 The Amazon Platinum Rewards MasterCard is issued through NewDay. I'm terribly sorry for the poor experience, but their Customer Service team will be in the best position to help address your feedback. They can be contacted at 0333 220 2672. ^MB",payment_issue
1630280,1630278,@AmazonHelp It was OnTrac,"@498985 We'd be happy to go over your options, please reach out to us here: https://t.co/hApLpMlfHN ^CO",delivery_issue
379396,379396,@115850 no one is helping me in the order #4__credit_card__ i have book redmi 4 in offer after two days they cancel my order#unexpcted,"@206022 Please don't provide your order details, we consider it to be personal information. Our page is visible to the public. ^HR",order_issue
867969,867969,@115850 its a shame that your team sending me delivery massege but product is somewhere else. My product has stolen or what? #worstservice,@326084 Allow our support team to investigate this. You can report this here: https://t.co/R3EfhzgU8B ^CB.,delivery_issue
2299610,2299609,"@AmazonHelp One-Day Delivery on Monday, it's Thursday, no items. Your courier has them, I asked for them to be returned to you, and a refund: silence.","@667455 Thanks for clarifying, Paco. What is the latest tracking update showing here:https://t.co/aaDyEz1VgE? ^SA",delivery_issue
434555,434555,@115821 No customer focus from Amazon...such a pathetic service Irrespective of the commitments made after escalation...🙃😛😬😠🤧,"@218247 My apologies for the inconvenience, Anoop. Kindly revert to the email sent for more information and updates. ^KS",customer_service_issue
1663539,1663538,@AmazonHelp Are the gift cards redeemable against Prime? Thanks for your help @AmazonHelp,"@507069 Hi, no they can't be used for membership fees. Sorry. ^AT",prime_issue
728339,728502,@AmazonHelp Okay great thank you,@294490 You're welcome. ^NV,other
1602572,1602578,@AmazonHelp The difference amount.. on which it was available at different market place and on which it's available now.. difference is 215 ruppes.. https://t.co/HbYyR9gFRG,@233995 share your details from the link here: https://t.co/beaaDm0muc to assist you accordingly. (2/2)^HR,payment_issue
1221789,1221789,Yo  @AmazonHelp I ordered socks and they are supposed to be here by 8pm tonight it’s 8:10 https://t.co/lvaoTGLA8N,"@406692 I'm sorry your order has yet to arrive! Typically, late packages will arrive the following business day. Keep us posted. ^JA",delivery_issue
1773804,1773804,Love the 50/50 chance of a Prime order coming in 2 days. Predictable is just boring! @AmazonHelp,"@533101 Oh no! Can you tell us a little about the situation, Don? We'd like to help. ^BL",delivery_issue
263436,263436,@115821 how does a product get so many 5 star reviews while the 1 star reviews are flooding in? #fakenews #fakereviews @17348 @178787 https://t.co/LPVmy4TPwA,@178785 Thanks for letting us know. You can visit this help page: https://t.co/OMWVsSUg7U to learn more about reporting reviews. ^LB,product_issue
440948,440946,"@AmazonHelp Orders 111-1160741-5677057, 111-1667431-2213828, 113-5225745-4764247, 113-1867452-8079446, 113-1608429-3881824, 113-2424670-2520233. Did I ever sign up to be your pre-alpha tester?",@219620 We don't have access to account info via Twitter! Please provide us your details: https://t.co/4HWV739zTn so we can help! ^KJ,product_issue
579132,579131,@AmazonHelp Remarks are always a reflection of experience which someone goes through nonetheless have provided details and will be awaiting resolution!! Hopefully this will be the last time as it maybe my last order with Amazon!!,@254969 We have received your details. We would check upon the issue and would connect with you shortly. ^KK,customer_service_issue
388457,388487,@AmazonHelp Any update . Last 12 days i am waiting for justice . I am hopeless plz help me @115851,"@207926 I get your disappointment, Vicky.Request you to respond to the correspondence that was sent by our team for further assistance^NK",customer_service_issue
423834,423834,@115821 @115850 got locked out of my account and you are asking me to fax you docs. Who uses fax these days?!!,@215893 That's a security measure. Appreciate your understanding here. ^CB,account_issue
267325,267325,"@115821 Why is my Prime order say it arrive Saturday when I place my order, but then my conformation says 4 days? Am I missing something?",@179723 We aim to deliver by the date provided in your confirmation e-mail. Please keep us posted on its arrival. ^JM,prime_issue
47874,47876,"@AmazonHelp Yes. I actually have had to send it to them twice already. The first time it went through fine. Second time, I sent the resized photo.",@126707 I'm glad you were able to get the photos sent out! Have you heard anything back from the seller? ^AR,other
1279607,1279607,"@118919 
Till now i had not got my refund ,my Amazon.in order number: 404-2490877-9397146...do something in this matter",@419428 Could you please confirm if the refund was in relation to a cancellation of an order or return? (1/2) ^ZH,refund_issue
2709897,2709899,@AmazonHelp I have done all this but it still does not seem to work,"@760942 Thank you for letting us know! I appreciate your efforts. Please, reach out to us via phone so we can have a closer look into your account: https://t.co/hApLpMlfHN ^EB",other
162182,162186,@AmazonHelp My package still hasn’t arrived.  Now what?,@153437 Could you please contact us so that we can look into this further for you? You can reach us here: https://t.co/CYqkdUakWJ. ^PJ,delivery_issue
736473,736478,"@AmazonHelp You think I have not tried doing it through the website? Thank you very much for your help, such a great service ! @115850 @118702",@296158 Sorry for the inconvenience. Please provide your details here: https://t.co/beaaDm0muc I will look into it and help you out. ^GU,customer_service_issue
270917,270917,"@115821 @AmazonHelp ordered son a Powerwheels 4wheeler for 4th bday. Delivered today in beat up box. Spend 2 hours putting it together,","@180631 I'm sorry your order arrived that way. Was anything damaged? If so, let's explore your options here: https://t.co/F8dop5UqbE ^GG",product_issue
63112,63112,Gutted my @117634 fire 8 has just stopped working half way through my trip. It won't turn on. It's less than 2 months old. advice?,@130467 So sorry about that Julie! Have you tried some of these troubleshooting steps? https://t.co/FrPTc3Zq1G Keep us updated! ^LS,product_issue
856579,856577,@AmazonHelp Today,@323417 Deliveries are made until 21:00. Please keep us updated on the arrival! ^AB,other
2422680,2422679,@AmazonHelp  https://t.co/UL0pSeemeZ,"@695820 We'd like to take a look into this delayed parcel and available options with you, Katrina. When you're available, please reach out to us here: https://t.co/JzP7hlA23B ^TH",other
592201,592198,@AmazonHelp Thanks. And Amazon has access to mine my private conversations in my home?,"@260147 2/2 Only when it detects motion, it begins streaming encrypted recordings to the secure AWS cloud. Only you or those you have shared your account information with can view your clips, unless you choose to submit a clip to us directly for troubleshooting. ^GM",account_issue
1488743,1488743,@115830 is there really a technical problem where you can't look into my account. Iv had money taken that makes no sense,"@465795 Hey, sorry to hear that. What is the amount and the note on the account next to it? ^AT",payment_issue
2671364,2671363,@115830 @AmazonHelp ????,@319580 Did she choose the same seller or two different sellers as this may have caused the price to vary? ^KM,other
1331114,1331114,. @115850 can save millions of they fucking pack properly. One box had enough space &amp; extra. but still they packed in two. https://t.co/H0wxDzJCXK,@127188 You can always share your feedback about packaging here : https://t.co/QkD3cnNVEk and our team will look into this. ^SK,other
1860357,1860360,@AmazonHelp This useless repeat of information is what I received in my mailbox! I guess I explained these to you to get a solution &amp; not empathy!! https://t.co/YdW82hVkma,"@402034 We understand your concern about the order, Anol. However, the resolution shared is the best we can offer. (1/2) ^SV",customer_service_issue
422710,422715,@AmazonHelp Even on just shopping.. account is made on hold. Not able to answer why. Whether i did any fraudulent activity ?? Plz answer,@215662 We would request you to check with the same. (2/2) ^CB,account_issue
914854,914854,"@115850 - I got a defective @1107 device, now i want to change it but you people are forcing me to buy Nokia again Please help !!",@337248 here: https://t.co/ZcbVGCSREK for info on our return policies and why an exchange to a diff. brand won't be possible. 2/2 ^AB,product_issue
2666902,2666902,"@117634 someone is spamming my kindle email addresses with random weight-loss images. Are you trying to tell me something, or is there a way I can stop this?","@389538 Hi, are you referring to the email address that your account is linked to or your 'Send to Kindle' email address: https://t.co/mnIvGwV43D? ^JJ",account_issue
1034704,1034707,@AmazonHelp please solve it asap and give this product,@364769 We have not received your details yet. Kindly fill the form for further assistance on it. ^RW,product_issue
179975,179970,"@AmazonHelp That's not good enough, I pre-ordered to get it on the day of release. Amazon should have made sure, by pre-order numbers they had enough.","@158362 Really sorry but as soon as we have the item back in stock, you will be notified. ^KM",order_issue
2722602,2722616,"@AmazonHelp i just received an email again to say about verification details, was that from your team?","@149078 Hi Casey, you can check here to be sure if your E-mail was from Amazon: https://t.co/lFaVs3JOLN ^VF",order_issue
1630999,1631008,@AmazonHelp Thank you for the continued silence it pairs nicely with the wasted hour on the phone with amazon support #badservice #poorcustomerservice,@499175 (2/2) of our Social Media team to look into this further on your behalf: https://t.co/2eZXZgPQKz ^MV,customer_service_issue
812525,812525,@115830 I have a problem with a purchase from amazon - 12 weeks late and being ignored by seller. What do I do?,"@313601 Hey Simon, if the seller is not responding to you at all, I'd recommend filing an A-Z claim and our team will look into this for you: https://t.co/Sj3kCojgQP ^MA",delivery_issue
668462,668462,@AmazonHelp Not too happy about this. I ordered it so I could use it when cooking Thanksgiving meals- that's clearly not going to happen. Ordered on the 16th with 2 day shipping. https://t.co/C9x8o3Zkk9,"@279385 Oh no! I'm sorry for the delay! We strive to meet the delivery date provided at checkout, but unexpected delays can occur.  Please let us know if you haven't received your order by the date shown in the e-mail. We want to make sure your order is received! ^BN",delivery_issue
383245,383245,"@AmazonHelp Order Id: 406-9394894-1976308 
I want this order to be delivered.i was not available at the time of delivery,","@206808 Please don't provide your order detail, we consider it to be personal information. Our page is visible to the public.(2/2)^SY",delivery_issue
874835,874835,"@115821 I received my shipment today and both items were damaged, no packaging material in box (bubble wrap, air pockets). 😡 https://t.co/bEmwkU2oCJ","@253774 I'm sorry your items arrived damaged, Sandra! We'd like to help the best we can. Just to confirm, was your item said (1/2)",product_issue
2670757,2670755,@AmazonHelp Okay Thank you! 🤞🤙,"@294303 It is a pleasure assisting you, Naveen. ^KS",other
118745,118751,"@AmazonHelp The form has been filled out, but I repeat that there is already an open ticket about this,  [CASE 4672816421] . This needs to be resolved ASAP. We are receiving return shipments to the house because someone is using our name and address to conduct business on your platform.",@142322 I certainly understand your concern! I can confirm we've received your information and we will be reaching out to you as soon as possible. We appreciate your patience! ^HC,other
438739,438742,@AmazonHelp Then why you promote these people's.  I done as Amazon big brand was promoting.... Don't you have charge back policy on merchant account,@164741 Apologies for any inconvenience. Please reach us from here: https://t.co/rS49hgaADF we'll look into this and assist you. ^SV,payment_issue
840878,840877,"@AmazonHelp,dis is d 4th instance I am facing problem and I have approached to CC each time, but with not much success except once.","@320058 I'm sorry for the inconvenience with this order, write to us here: https://t.co/GIJyeYqKE0 &amp; we'll help fix this for you. ^MJ",customer_service_issue
440982,440982,@115830 Your delivery person has left a parcel that isn’t mine. How do I organise getting it returned?,"@219627 We'd be happy to help, please reach us directly here: https://t.co/JzP7hlA23B ^NC",delivery_issue
300024,300024,@AmazonHelp Hi! Question: does the newest 2017 Fire TV box (not stick) still support Freetime Unlimited? And the official game controller?,@187541 Thanks for reaching out to us today! The Fire TV does still support Freetime Unlimited as well as compatible controllers. ^ML,product_issue
780606,780606,@115850 Fuck ur service u are stealing money from the customers.,@214890 That's quite a remark. I would like to help! May I know what went wrong? ^HR,payment_issue
1487710,1487716,"@AmazonHelp Why are you making my fool, nothing is there. i think i should file a complaint against you guys for making my fool",@425388 Our team has sent the correspondence to your registered email address. Kindly check for the same in Inbox/spam/junk folders.^AP,customer_service_issue
2611641,2611641,"@AmazonHelp hi, I have cancelled my amazon prime account but the payment has still been collected post cancellation. Help please","@738479 Hi, is it showing that your Prime subscription is canceled on your account? You can check here: http:https://t.co/a4Yc9lKczA ^ES",payment_issue
2573820,2573825,@AmazonHelp Okay.... I’ll let you know what they say 12 hours from now IF they get back to me,@462357 Keep us posted! We want to be sure this is resolved! ^EA,customer_service_issue
1192282,1192281,"@AmazonHelp Yes, and I've used it multiple times since adding it.",@400229 Has the order entered the dispatch process ? ^TD,other
559816,559816,"@115830 well wasted day delivery didn't come even though the van clearly went passed our house on the map just didn't stop ,waited till 10pm like told now lets see if comes tomorrow really don't need this crap  having to send stuff back,stay clear till February .",@247927 Oh no! So sorry for the delay! We are here to help! Please reach out to us here: https://t.co/6f9T7pbTKL so we can look into this issue with you! ^AD,delivery_issue
390814,390814,"@115850 are u kidding me, i was waiting for the delivery guy till 8.30, didn't get a single call, impossible that my phone was nt rechable",@208527 Our apologies for the ordeal. Please reach us here: https://t.co/vlvfJr4nN9 and we'll check this. ^YP,delivery_issue
1397299,1397299,"@115821 unlawfully took money out of my account and refuses to admit wrong doing ,wow!!!! #amazon you suck","@444928 Oh no! Without giving out any personal information, can you tell us a little more about the issue? We are here to help! ^BA",payment_issue
313842,313840,"@115830 They aren’t in stock when you are letting people order the, still as they say in stock on website? Lying thieves is why","@190939 I'm sorry you haven't received the items you ordered! To confirm, have we missed the e-mailed delivery date? If so, have (1/2) ^MV",payment_issue
837513,837513,@119625 when will dunkirk release in prime??,"@319318 We have no announcement at the moment. However, I'll ensure to share your feedback internally for sure. ^CB",prime_issue
2501870,2501870,@115830 I think you need to review your packaging. https://t.co/lwIYw7S3M1,"@386653 We're always looking for ways to improve! When you have a moment, can you please provide us with your Packaging Feedback here: https://t.co/MUPehTYzRV ^AC",other
2488905,2488905,"""First delivery attempt"". 

Nope. No attempt. There was a drive-by. 

""An attempt was made to deliver your package"".

Nope. I was waiting in for it, had been for hours. Tracked on the map. No attempt was made. Thanks @AmazonHelp @115830 https://t.co/mcsdYu64vR",@672730 I'm so sorry we missed your delivery! Have you received an updated delivery date? ^AR,delivery_issue
947718,947718,"@115850:My order #
408-2274794-3329941 is not yet shipped, ordered the same product 2 times but @115850  failed to deliver the product.","@344746 Please don't provide your order details, as we consider it to be personal information. Our Twitter page is public.​ 2/2 ^NK",delivery_issue
1480137,1480137,"@AmazonHelp hye. ordered an item on 19 Oct, first expected to arrive on 26 Oct, then 1st Nov. Bot chat say 10Nov. im gonna die waiting 😭","@463688 Hi, sorry to hear that, were you given a reason for the delay? ^AS",delivery_issue
19137,19148,@115850 @115850 Guaranteed one day delivery is literally forcing me to cancel my order.  Please expedite the delivery. Order # 403-2559938-2335517,"@691037 We're sorry about the delay, Rohit. Please fill up this form: https://t.co/GIJyeYqKE0 and we'll reach out to you. ^HK",delivery_issue
701525,701524,"@287462 Alexa would get better way faster if she listened for thank you after each request, these systems are missing a tight feedback loop. cc @115821",@287461 @287462  We're always looking for ways to improve! We'd be happy to hear your Alexa feedback or your concerns here: https://t.co/yTnLxogXmZ Thanks! Happy Thanksgiving! ^FR,product_issue
2633010,2633015,@AmazonHelp Thank you for understanding my pain,@743441 You're welcome. Do keep us posted for any further queries. ^SD,other
464266,464266,"Why is it that every time @115821 ships with @3375, the package is late?  Every time.","@225391 I'm very sorry for any delay, Steve. Have we given a notification of a possible delay? What is the latest tracking showing here: https://t.co/Y5jpI9gRhE We're here for you! ^SK",delivery_issue
1099299,1099299,"@115850 I am not able to cancel my order and even customer care is not taking calls  
Pathetic service.....
order - 171-0257524-0179556","@379409 Please don't provide your order details, as we consider it to be personal information. Our page is visible to the public. 2/2 ^PS",order_issue
2230056,2230055,@AmazonHelp Can you help as I need to print this gift card within the next hour! 😫😫😫,@650801 Have you received an e-mail as WJ mentioned? This should provide instructions on how to unlock the account and allow you to access the gift card. ^ZW,other
1650409,1650409,@AmazonHelp getting broken and stale products. Not expected from amazon https://t.co/X0rAYQWeAT,@165102 Please drop your details here: https://t.co/zMr1LAOrlw so that we can get in touch with you and investigate this. (2/2) ^VM,product_issue
2384108,2384108,@115821 don’t fail me with this book after you failed me with “I hate myselfie” by New York’s best selling author @325211 https://t.co/ozfM5H8LSC,@586326 Keep an eye on the tracking for any updates  https://t.co/Y5jpI9gRhE ^KM,product_issue
973653,973652,@AmazonHelp Kindly let me know resolution and action taken on my order,@350640 We've responded to your query here: https://t.co/F6bDOj8JwC. Kindly check. ^PS,customer_service_issue
2065858,2065857,@115821 And I can't sync my previously purchased books to my new kindle either? @115821,@610914 I'm sorry to hear this! We'd like to take a closer look into this with you. Please reach us here: https://t.co/hApLpMlfHN ^KP,product_issue
1777289,1777289,@115821 @AmazonHelp 2-day shopping with Amazon Prime is becoming a misnomer. Are u growing 2 big 2 fast?  Prime items now taking a week 👎🏾,"@534049 I'm sorry for the frustration. Without providing any account or order details, do you have an issue with a current purchase? ^SJ",prime_issue
726780,726780,Soooo disappointed in the customer service at @AmazonHelp @115830 😩😢👎🏻,"@294092 Sorry to hear this Gemma. W/o posting personal info, are you able to elaborate on the issue and what was advised. ^PK",customer_service_issue
1456291,1456290,"@AmazonHelp Yeah, the handle of the item was scuffed and ripped. It was sticking out of the box",@458015 You can also check on refund/replacement options here:https://t.co/Y5jpI9gRhE Let us know if this works for you! (2/2) ^SA,product_issue
227925,227924,"@AmazonHelp 1 = UPS, 1 = Royal Mail, 1 = unknown","@170343 Apologies, what tracking info is available for the orders: https://t.co/aaDyEz1VgE? ^JJ",delivery_issue
275574,275574,@115850 Very excited to try #AlexaInIndia. Can't wait to see how my 2 year old reacts to it. Keep waiting for updates. #Alexa. https://t.co/BebPDCBPOY,@120174 That's what we like to hear! Excellent choice! Hope you love them! ^PS,other
881083,1492686,"@AmazonHelp Nothing no reply no correspondence, please arrange to pickup phone ASAP, don't blame me later for getting late",@329208 Kindly fill your details once again from your registered Amazon account through the link provided earlier &amp; we'll get it fixed.^SY,return_issue
49144,49144,Can you help me? My account unlock because my billing address. I sented every day my bank statement but noone answer and fix it! @AmazonHelp,@126979 I'm sorry for the account issues! Have you received any further e-mails from an account specialist? ^TR,account_issue
1490162,1490161,@AmazonHelp It's just given me a revised delivery date of 2-30 Dec. No reason given. This book has been out in the US for over a month now.,"@466084 Hello, is this book available on our website at the moment ? Was this sold directly by us or a third party seller ?  ^CR",delivery_issue
1099625,1099625,@115850 this is 4 order 4__credit_card__. Chrgd extra for one day shipping and still not delivered.  D mst rude customer service. Liars,"@379496 So sorry to miss on that. Please drop your details here: https://t.co/FWPT0wYtdo, we'll check and get back with an update. ^HT",delivery_issue
437912,437912,Today my order was about to deliver Ed but the delivery boy not picking my phone. Could you please resolve it. @115850  @AmazonHelp,@219024 I get your concern regarding the order. Please reach out to our support team here: https://t.co/2t6DQoUmNZ we'll look into it and help you. ^AP,delivery_issue
421593,421593,"@115850 can you please look into this,
Feeling cheated and looking forward to use @118702 @115821 https://t.co/KeLbAIsboc",@215446 Sorry to hear that. Kindly drop in your details here: https://t.co/ib6xTN8tUm and we'll work on it. Please don’t [1/2],customer_service_issue
1176242,1176239,@AmazonHelp Fullfield by Amazon,"@393551 OK, Rob! Can you please reach out to us via phone/chat? We'd like to take a look with you. https://t.co/hApLpMlfHN ^RM",other
373966,373966,.@115821 when u sign up for #subscribeandsave and your stuff NEVER COMES. 😡 Wife.Not.Happy 🙈🙉,@204637 I'm very sorry for this issue. Can you tell us more without posting order or account details? ^DO,delivery_issue
167863,167863,Aboustly appalling customer service from @115830 not impressed,"@155056 I hate to hear this, Jack! Could you tell us more about what's going on? We'd like to help! ^MT",customer_service_issue
378686,378686,"Hey @115850 surprise me! 

Deliver #404-0701505-8009924 slightly early, please.","@205870 Orders are delivered as per the estimated delivery date assigned by the system. However, we'd like to help you.(1/3)^RS",delivery_issue
2124747,2124751,@AmazonHelp That’s ok! I wouldn’t mind if there was an explanation 😂 it just seemed weird to receive it after all day checking it! I just hope it arrives when someone is in or a neighbour takes it in as it was an expensive item!,@625769 Please keep us updated on the delivery. Hope you have a great rest of your night! ^LI,delivery_issue
2281468,2281470,@AmazonHelp My account has been locked for some reason,@518427 Have you received an email asking you for more details? Please make sure to check your spam/junk folder. ^BD,account_issue
2761298,2761297,@AmazonHelp It was you folks (AMZL US). Here's the Tracking ID: TBA549836023000,@772576 I'd like a member of my team to further investigate this. Please provide us your info here: https://t.co/lBtDwaUgkV ^BG,delivery_issue
67588,67588,@AmazonHelp my friend ordered for a memory card but he got an empty parcel. what should he do next?,@131432 Oh no! Sorry to hear this. What site did your friend place the order on Amazon IN/ US/UK or another location?^ES,delivery_issue
1786070,1786070,"@AmazonHelp Hi, I’m trying to sign up again to Prime Student but I’m not sure where to go (the Prime Student page isn’t popping up no matter what I press). I’m still a student in college.",@536621 I'm sorry you're having trouble finding where to sign up for a Prime Student membership! You can join here: https://t.co/sEe1szoUpV. I hope this helps! ^BN,prime_issue
2380813,2380813,@115821 Order# 112-2959570-0614617  Please investigate your customer service work and reply to your customer! Be aware of dishonest seller!,"@686461 Thank you for reaching out to us! We don't have access to your account information through Twitter. We'd love to help, we just need some more information about the issue you're facing. (Twitter is public, so please don't post sensitive account/personal info) ^TN",customer_service_issue
799647,799631,@AmazonHelp Never arrived?,@310567 I'm sorry it hasn't arrived yet! What does the tracking on the order say? You can check here: https://t.co/aaDyEzjw8c. ^WJ,delivery_issue
2663755,2663754,@AmazonHelp A link to sign in? I’ve been thru this before...,@750489 When you click on the link you should see an option to 'Skip Sign In' and you will be able to fill in the form then. ^JJ,account_issue
1395026,1395025,@AmazonHelp But I heard u ppl r incrsng the price. So i want to extend my subscription further at cheaper price. Let me know what to do.,@309587 The actual price of the Prime membership is Rs. 999 and it was offered for Rs. 499 as introductory offer. [2/3] ^HA,prime_issue
197677,222875,"@AmazonHelp Genuine offers,  u only gave the offer of free mobile but now",@169229 This page/offer is inappropriate. Amazon is not associated with that offer/site in any manner. Don't put yourself at 1/2^EM,other
2434994,2434990,@AmazonHelp So that’s what I️’m supposed to provide to the recipient of the gift? There’s no way you can give me a digital gift receipt that I️ can print off?,"@698684 Hi Brandi, You can print off an order summary from your orders page however this does show prices. Although to return an item all the receiver will need is the order number. Full instructions on how to return a gift in link here https://t.co/rCJ4j4bhK8 ^KK",other
1028983,1028983,Got my first @115821 delivery photo today! And it was also totally not my door #oops #wheresmypackage,"@363469 Oh no! I'm sorry it wasn't delivered to your door. Please try these steps, and keep us posted: https://t.co/kgLYIibFdD ^BH",delivery_issue
1209072,1209074,@AmazonHelp Yesterday around 1,@403851 To confirm Patrick- Did you cancel the order before dispatch? ^NV,delivery_issue
466666,466666,"Cool, ordered a replacement for my last order that got marked delivered without actually being delivered (took a police report to get refunded!) and the new one didn’t show up either. I’m done @amazonhelp",@226061 I'm sorry for the poor experience! I'd like to have a member from my team look into this. Please provide your details here: https://t.co/SyPvOMaiEw at your earliest convenience. Thanks in advance. ^EZ,delivery_issue
454513,454513,@115821 I need to tell u that u took my money and I also want to tell you that I was the girl who bought Sims 3 university life a few days ago and I'm really mad because y'all told me to wait two freaking hours for the game to download and I waited and it wasn't there,@222862 I'm sorry the order hasn't shown up yet! Does the game show in Your Library here: https://t.co/rHydvs9FFk? ^EP,payment_issue
1441949,1441949,"@AmazonHelp Hi, just been notified of a failed delivery attempt, I find that hard to believe when its being delivered to office reception?","@454551 Hi, Robin. Sorry for the trouble with your delivery! Please get in touch with us so we can take a look: https://t.co/JzP7hlA23B BG",delivery_issue
280373,280373,"@AmazonHelp guys package is not delivered, however, ATS tracking shows it's delivered. Tracking number is 203107873557 @115850 @115821","@160223 Please don't provide your details, we consider it personal information. Our Twitter page is visible to public. (2/2) ^HD",delivery_issue
2760359,2760359,"@115850 are these genuine ? If not, how can someone sell fake product with original product's name ? https://t.co/VY3y1T5Vfj","@772352 I get your concern, we will ensure all the products we deliver to our customers are genuine. In case of any issues with the received product, kindly keep us posted we will take corrective actions. Also, I will forward your comments internally. ^BS",product_issue
